Driver_ID,Initial_Location,Arrival,Offline
d2,"[16.810778497871294, 1.544506255365774]","[11.220636508417332, 11.974151062667353]",Abandoned,0.03772024113666507,,
d5,"[15.95755582574937, 1.8774364793236464]","[12.494011183452713, 4.350170295323139]",Abandoned,0.13052016577352835,,
d1,"[7.523185516937412, 18.251838585211058]","[0.04528555311753113, 4.102168546136089]",Abandoned,0.015370311732812624,,
d4,"[18.892595364562734, 14.357658104027939]","[13.77760509274692, 3.3134589829203875]",Abandoned,0.11807218040107016,,
d3,"[10.975761321062798, 2.3282019081106387]","[18.12687143038034, 14.250238353326301]",Abandoned,0.05192417165088595,,
d10,"[8.238776137882326, 16.68151306512338]","[0.007369215843675558, 2.5534361925486837]",Abandoned,0.29635712977679374,,
d6,"[9.657297751777858, 10.482943360130259]","[19.804560037000748, 8.055298906344357]",Abandoned,0.17959489653677724,,
d9,"[3.315886423465262, 3.52267036845779]","[6.930197648177243, 9.234413532309027]",Abandoned,0.2742094545228857,,
d8,"[16.774934703467085, 15.701662131034208]","[12.43130804345282, 12.430376399264878]",Abandoned,0.2535502409287225,,
d14,"[10.60077232557428, 9.079236212507222]","[12.881210953733433, 10.701251177133962]",Abandoned,0.5992249279818314,,
d15,"[4.516809078420037, 14.829318318528697]","[8.900657415483053, 6.5856758348807265]",Abandoned,0.6037272206934343,,
d18,"[16.282379917793758, 8.187369032853752]","[11.739579375985386, 10.330587282464956]",Abandoned,0.656220600557582,,
d12,"[14.851361902607813, 11.491413013150842]","[15.645088600492764, 6.275909572131583]",Abandoned,0.5084106706373122,,
d7,"[14.257031052894067, 9.895575200425435]","[6.142399080552499, 14.493457905968084]",Completed,0.22661856051876395,,
d20,"[10.38252658584615, 15.614901296810888]","[0.3163728504950791, 17.475387644168]",Abandoned,0.7191476279139659,,
d16,"[12.115654576562413, 2.0593605521705927]","[9.988152280961975, 10.951656309508778]",Abandoned,0.6148190021503671,,
d13,"[15.447704836311827, 18.976592736292154]","[19.2253405741277, 14.753407912381995]",Abandoned,0.552678314315964,,
d19,"[3.628969235725721, 11.303511043331554]","[4.577194128788012, 12.631494658115415]",Completed,0.7047034292456577,,
d22,"[3.6744117084423134, 2.086874350327481]","[13.974957064118826, 12.130389944859907]",Abandoned,0.7767377448751005,,
d24,"[0.8303148120071269, 6.7113763483334825]","[3.2433214917652498, 16.832126389629046]",Abandoned,0.8251152167633373,,
d29,"[9.006073257664408, 16.124046941968643]","[0.507387702932256, 8.334200239572604]",Abandoned,0.9458649411306316,,
d21,"[6.286457688769644, 6.326198692990919]","[13.866623967295489, 1.9945223016075952]",Abandoned,0.7616540315176151,,
d32,"[12.914817953290513, 0.5993128770728728]","[1.2736421168755618, 6.424760783134094]",Abandoned,1.0425498226130745,,
d25,"[10.897560857200324, 12.918935441934977]","[12.139752759796536, 6.929537665941412]",Abandoned,0.8314217935806392,,
d33,"[0.8722946061037073, 16.45901133164655]","[10.219683664048489, 18.828670308071985]",Abandoned,1.0525614599278337,,
d17,"[4.508897037392323, 10.418798364016146]","[0.25102693618267446, 9.584770161456364]",Completed,0.646193856395087,,
d27,"[14.003637006389313, 11.09120150534934]","[1.3298175772360032, 18.264853119197475]",Abandoned,0.8834669232669543,,
d34,"[12.037256036655439, 2.2870204366602964]","[12.481908704899144, 11.165293855347953]",Abandoned,1.0711691411676711,,
d30,"[17.393625203700296, 2.396817048767206]","[4.22548769722956, 14.247463239534312]",Abandoned,1.0007210152149677,,
d23,"[3.923408068961809, 6.98839348859317]","[16.65851010815065, 16.23236785378755]",Abandoned,0.7882120931223795,,
d11,"[18.76010801996046, 2.9144337894310457]","[4.913055637263475, 15.955401598884283]",Abandoned,0.46073067258560835,,
d37,"[4.226259378661867, 1.8251399523834255]","[8.635552278911813, 17.496673157444732]",Abandoned,1.24847161680319,,
d40,"[18.10461175844225, 7.857619138494918]","[1.007173946373825, 9.703233575664134]",Abandoned,1.3148446738702662,,
d35,"[6.864740853027024, 3.8770259965120024]","[2.715895859915074, 7.992346438409756]",Abandoned,1.093161037935914,,
d42,"[19.91045306002509, 2.2273381069515796]","[14.791177142980505, 0.8972397223220963]",Abandoned,1.3458255942412083,,
d38,"[4.641892821110327, 6.871430877027875]","[15.656181686135904, 7.139672551599199]",Abandoned,1.2782756271056042,,
d36,"[4.032072043335391, 8.917781368662975]","[8.606034621856152, 1.8967197220335708]",Abandoned,1.1424003555888846,,
d43,"[16.933889803177266, 8.52300272408954]","[15.69224776743728, 13.01520512101256]",Abandoned,1.4295249195800177,,
d31,"[10.216335808419448, 5.814551889287387]","[12.507119007159687, 14.988804254614521]",Abandoned,1.0205135533322975,,
d28,"[3.6779694695421616, 8.9853570700663]","[10.817388681254885, 3.2999788517954687]",Completed,0.9291337367832477,,
d44,"[5.747606610150459, 8.850096108062225]","[13.206456057837928, 8.981374063231407]",Abandoned,1.4482296671349555,,
d49,"[14.952764620598739, 17.660153104708233]","[5.395238093997232, 1.927646888972283]",Abandoned,1.5732898277322556,,
d48,"[3.810164815913508, 2.9040582593184983]","[10.945474562201396, 9.629982320045334]",Abandoned,1.5482066434129136,,
d39,"[10.822177763404994, 15.997060778904261]","[16.849547679634885, 5.636755710639814]",Abandoned,1.2873590071079029,,
d45,"[3.1248859956172748, 0.6908833990762364]","[4.0498256542923965, 7.551278229178717]",Abandoned,1.4635964287640078,,
d26,"[11.479853336643014, 8.766246687769934]","[0.42656984119510355, 5.387793357367592]",Completed,0.8612475143987826,,
d51,"[15.515693819280854, 0.03230525576624954]","[13.841061226123493, 17.797674830665773]",Abandoned,1.6844701942164717,,
d50,"[1.0235484241575987, 17.13665641671502]","[16.568670882528618, 12.402888766522853]",Abandoned,1.6650844914754297,,
d55,"[8.82335955381051, 6.674070407854442]","[7.793199131361568, 8.266884141933605]",Abandoned,1.7660901171320937,,
d52,"[12.16192921422908, 6.4155436700442925]","[16.720016093780565, 15.483568567567653]",Abandoned,1.6879986410793117,,
d56,"[11.955408076491022, 12.055085635082888]","[15.91753368233245, 15.559817175912823]",Abandoned,1.8051547097740377,,
d59,"[1.8537731585157924, 2.041905259412462]","[18.26659428492639, 11.697711361726546]",Abandoned,1.8738583954984895,,
d54,"[5.397781554431587, 14.718771419746536]","[0.4526792946174263, 2.2635620148932234]",Abandoned,1.7449964029350213,,
d46,"[10.011356276138093, 14.274185670523638]","[15.969359624419228, 16.351693110686217]",Abandoned,1.5210200541551635,,
d53,"[6.2159023365754, 18.07604789074719]","[18.143354129848635, 9.518976324371348]",Abandoned,1.7218226801933465,,
d41,"[5.6347828836093665, 8.371642265984692]","[1.8468394945094269, 3.1311769315769777]",Completed,1.3432477281985242,,
d60,"[11.752031424400414, 1.6478205921457745]","[15.432261582058084, 15.794088802768611]",Abandoned,1.9129081262304006,,
d58,"[13.90223898290441, 16.584371683850634]","[0.5652943042997771, 15.30466963964922]",Abandoned,1.8640982732403253,,
d64,"[10.497202057768568, 19.03184918222738]","[18.292745375207563, 14.292932141261945]",Abandoned,2.0719904712971324,,
d63,"[19.8244142897127, 17.493530369725057]","[12.42663500511627, 1.0507103186657685]",Abandoned,2.034198475822044,,
d66,"[8.928309167609076, 18.084017469043687]","[9.75476269374553, 2.8900979268500593]",Abandoned,2.1655053412298537,,
d67,"[3.868529746921885, 4.342520963266939]","[15.975172111825993, 0.02985855540786897]",Abandoned,2.1957580840649658,,
d68,"[17.11102455478457, 16.245822728229832]","[11.736269161500221, 9.494686656925282]",Abandoned,2.213167580510954,,
d70,"[11.079540221185699, 8.295508217687619]","[18.97694270051904, 14.217298181667859]",Abandoned,2.256724797731115,,
d61,"[9.047141007190092, 3.9827883631371663]","[17.330194140251656, 6.0292099973426705]",Completed,1.9211506407087067,,
d57,"[14.65888702885338, 10.073269419738187]","[18.273652333448556, 6.4189118220028725]",Completed,1.8408382062934439,,
d65,"[1.823651507437627, 17.81392102165815]","[4.847516552527562, 19.566099901313105]",Abandoned,2.1022612839464228,,
d62,"[8.962767665851949, 6.929610926418876]","[2.7486296145080735, 13.273470852693176]",Completed,1.9407514422148153,,
d47,"[16.70361529374467, 2.44675876176514]","[0.34739834779407675, 18.5306068439442]",Completed,1.5228907791124213,,
d74,"[14.11095225588256, 2.070939673311931]","[10.710160187923371, 12.537699641112631]",Abandoned,2.410755472694889,,
d79,"[17.353088997809365, 5.809843660288192]","[19.600161453515796, 1.3240673171204964]",Abandoned,2.5204675973983117,,
d82,"[17.9441611972226, 13.83410257936969]","[19.962744490686372, 9.168635581150097]",Abandoned,2.6003753921018555,,
d84,"[13.631273451111364, 1.654505415327585]","[1.4012134311384994, 9.297216440082412]",Abandoned,2.6478535917210113,,
d81,"[12.302765981366171, 10.247391237098462]","[15.920810214286904, 11.92725487009666]",Abandoned,2.526652294004311,,
d86,"[10.517227170167336, 8.769901019028318]","[14.82349871382548, 8.782748037190476]",Abandoned,2.75714032807099,,
d85,"[16.84493371656798, 16.74130269301041]","[9.62298446867111, 19.478979191814645]",Abandoned,2.704996573906644,,
d91,"[15.352565947135473, 19.243180690834617]","[16.168050614800645, 3.4930812633102426]",Abandoned,2.8148406129401353,,
d87,"[8.875778849765725, 4.677818213195872]","[6.61135081569326, 14.445551060187366]",Abandoned,2.780741024972781,,
d83,"[7.183846077357739, 19.88598959137276]","[2.3820223134568597, 8.586396562046271]",Abandoned,2.6374643302765963,,
d93,"[4.825595860585334, 18.75899427996019]","[18.205021827953694, 14.575518273610115]",Abandoned,2.889128212438189,,
d77,"[11.80298491419016, 16.836420164649073]","[5.282974291928877, 18.960961342619495]",Abandoned,2.4787068035257978,,
d92,"[5.602046104343543, 15.285222373780151]","[9.644416200263475, 19.751815943416346]",Abandoned,2.84062618122434,,
d89,"[14.906632904602157, 4.923895027708307]","[12.336952371209229, 15.872942780988451]",Abandoned,2.798207458347704,,
d75,"[6.009644419566788, 11.235053477343076]","[13.256038952341074, 8.038304620038497]",Completed,2.4153990698822057,,
d72,"[9.141569573890845, 1.207406563273108]","[9.304181708889601, 7.449571184601491]",Abandoned,2.384866851000835,,
d78,"[17.95091221787858, 14.002133947804863]","[8.722961097073059, 15.338947714268159]",Abandoned,2.5004567471091743,,
d95,"[14.196956818128719, 8.591602633501846]","[17.533587895831708, 3.743987273331064]",Abandoned,2.990853269030879,,
d73,"[0.2830498828672656, 7.3002922290116175]","[6.234765939088862, 13.997339831793095]",Completed,2.402743989862991,,
d90,"[19.921418752504383, 2.0218094276326415]","[12.700323636086024, 13.493546070958297]",Abandoned,2.8145418911934934,,
d94,"[19.23993887041086, 10.461193111131063]","[3.5550221608295463, 0.9162988847585352]",Abandoned,2.947728505438819,,
d69,"[1.1699731618040698, 1.399451367263731]","[4.616862525890387, 18.36326025102645]",Completed,2.2148416544528136,,
d71,"[17.755105874491747, 15.9658124047148]","[3.7778065475093436, 9.927434475214636]",Completed,2.3615738993745556,,
d88,"[14.679161200518456, 16.56935664169342]","[9.546637364694213, 15.952913233621116]",Abandoned,2.790612258349069,,
d101,"[4.215610065237215, 0.8340866294493421]","[17.91836765128773, 6.345266703915593]",Abandoned,3.1247581484710687,,
d80,"[6.047347278904551, 19.649056883225843]","[4.868230394588668, 7.284971270427505]",Completed,2.523841019725568,,
d98,"[15.58737409420145, 1.2134512540243358]","[3.348639087377998, 15.68893030826258]",Abandoned,3.054393853146254,,
d105,"[17.791859776569986, 1.1069200302875037]","[7.227227589442322, 6.048356522118887]",Abandoned,3.25751854814164,,
d106,"[15.014765006794558, 4.999611919928868]","[0.32904929772234803, 7.81976883207397]",Abandoned,3.2848413056817725,,
d107,"[14.152541118772445, 18.51142710612949]","[16.272221192349726, 16.048249763110853]",Abandoned,3.294566939923194,,
d99,"[13.88258339446995, 12.981411990715504]","[10.015716758966137, 7.935251152832867]",Completed,3.057796091982281,,
d102,"[9.783620532714467, 12.813723676433813]","[12.339372203676898, 11.652785274339037]",Completed,3.17148180646943,,
d104,"[10.525289563826917, 1.3453607123292821]","[18.18203882257466, 7.172435638441312]",Abandoned,3.2095491538179317,,
d112,"[6.292385334651341, 7.705461508609027]","[10.685689196423013, 19.519336544811033]",Abandoned,3.395526632701182,,
d115,"[18.263548751541112, 13.802405696273144]","[19.786674018190556, 13.76691182061714]",Abandoned,3.4075231718608063,,
d119,"[15.69836112255118, 17.345090392355797]","[9.58510363652676, 13.823345476735202]",Abandoned,3.531021861103402,,
d103,"[0.4011653576170393, 13.774986526141875]","[12.047389865837983, 3.213292992604617]",Abandoned,3.196636476767409,,
d110,"[0.4924821971416482, 3.3931558985463406]","[18.378740541338324, 18.022891006452873]",Abandoned,3.3626315478326414,,
d120,"[12.95529610209169, 17.128178088172945]","[1.7846509379932907, 18.20136779202338]",Abandoned,3.570137597031081,,
d76,"[16.87645993497419, 5.006416957852904]","[3.6182189456045633, 13.788927119256746]",Completed,2.475977166149447,,
d113,"[18.794212501836466, 16.679651843009747]","[10.923236257288263, 15.135371596479052]",Abandoned,3.3970140204068002,,
d111,"[13.339053067342414, 0.5990048774754286]","[12.725613658059697, 9.558384318995357]",Abandoned,3.3881213464774116,,
d100,"[11.067899304374418, 3.201845874462388]","[15.67942795307146, 8.498107962531229]",Completed,3.1024644121091938,,
d122,"[8.124851934007914, 10.08474781788041]","[5.527861774137852, 15.677937433956783]",Abandoned,3.667242980153132,,
d124,"[19.308845107957954, 5.910157894553755]","[17.14646983954941, 6.4174261608477945]",Abandoned,3.688423296132435,,
d123,"[19.8345050821463, 10.399895920601747]","[2.6180903861494342, 7.537904030309923]",Abandoned,3.6828431494509286,,
d129,"[15.317843741912228, 12.756395313628408]","[8.779852523199692, 10.809071043981671]",Abandoned,3.7693829732277493,,
d132,"[5.443911927307483, 18.479217704810097]","[14.904050305820896, 12.243639863202183]",Abandoned,3.798892137152052,,
d116,"[13.330540214347478, 5.808294334973816]","[19.60252553446708, 9.112671393681254]",Abandoned,3.433519547735798,,
d131,"[13.105139591423052, 11.445437969371008]","[6.45364104559788, 4.512880422395935]",Abandoned,3.771723374227063,,
d96,"[1.9218593379027293, 18.650695856181617]","[16.64130059436169, 8.349738703121503]",Completed,3.0221543755473883,,
d97,"[13.856902915205797, 19.82992710799857]","[3.2247903404583877, 6.1158689960806285]",Completed,3.046741096706798,,
d130,"[8.773866500913625, 19.760843927151516]","[10.100851369039399, 10.701219870859447]",Abandoned,3.771559674099587,,
d133,"[10.727398809080636, 9.565805119422881]","[12.457405070580167, 6.855553614298541]",Abandoned,3.803299538201866,,
d134,"[3.7909092238488373, 5.142721879270262]","[11.262142825543735, 1.5819354230597038]",Abandoned,3.8687241859415993,,
d108,"[14.11648017310063, 17.03569279224345]","[6.501427892957629, 6.793876678860986]",Completed,3.33644771489468,,
d114,"[13.100895361686636, 9.80639571065155]","[18.673728692217356, 9.932389341217133]",Completed,3.4037275130678037,,
d128,"[16.257152265445832, 1.4046355269465138]","[0.9497788246222494, 11.162466598953927]",Abandoned,3.7566870550201186,,
d137,"[0.017753750286331194, 9.205479247455814]","[18.43089468926032, 18.791468225316244]",Abandoned,3.981340425629459,,
d117,"[8.05571199408871, 0.6697080742033301]","[11.84732576614254, 4.619538518386648]",Abandoned,3.501313751774427,,
d118,"[3.5367934976809923, 16.598545010438144]","[14.011227718789147, 19.904424173988236]",Completed,3.5114735997326507,,
d125,"[15.663225868715312, 5.524140613409627]","[14.036609072124923, 10.868891953896211]",Completed,3.713837214461994,,
d140,"[14.30683783741042, 2.707218846731072]","[2.8775831217507375, 6.084370475005532]",Abandoned,4.169657802958769,,
d138,"[0.7787610598834371, 0.3104116004401791]","[8.140623275276793, 11.678034430308115]",Abandoned,4.053966580712515,,
d127,"[1.8476724811867462, 11.370786008568361]","[6.176101921780452, 16.278549628664784]",Completed,3.736595996923635,,
d135,"[2.101749249028644, 4.557990394531652]","[1.1679827391776754, 14.364085335742665]",Completed,3.888595003244544,,
d149,"[15.61650725155128, 11.869962692211518]","[11.014309387292858, 4.581597739387451]",Abandoned,4.494143356061459,,
d145,"[14.430248473626651, 1.6512472768600417]","[13.510087869330833, 3.9789640236274493]",Abandoned,4.35216596104055,,
d126,"[0.2551874960048428, 7.906707343690249]","[10.957499673355763, 3.686108449768093]",Completed,3.723075757229762,,
d121,"[19.537362466393475, 11.699205677561705]","[10.172699474496067, 17.67469157939614]",Completed,3.5880113553196438,,
d151,"[19.018800144174833, 19.154482558235625]","[3.7671408412823792, 19.243889481437048]",Abandoned,4.563124673450267,,
d146,"[2.7595355933983168, 9.496975282601456]","[15.986646432833766, 15.558020151713777]",Abandoned,4.384518568143232,,
d153,"[13.680764110372428, 8.357288082433064]","[7.755121029220049, 8.826062166000694]",Abandoned,4.678293068375177,,
d157,"[8.663690714812839, 2.597847373224349]","[10.725044811033476, 3.968901535686278]",Abandoned,4.787546547812518,,
d150,"[15.99376160210501, 4.719291684366662]","[9.518669964366609, 6.059210145066249]",Completed,4.5093866579255355,,
d141,"[2.285754872655412, 18.488701564400554]","[7.066708721318951, 10.032512575464947]",Completed,4.1967734777820125,,
d147,"[14.778213193052348, 8.30494326886637]","[7.351087727939396, 14.188065287558604]",Completed,4.3955886910622946,,
d139,"[1.2798093119100296, 0.04830793268021827]","[13.20301640596482, 4.212687841855249]",Completed,4.077967680403972,,
d160,"[4.866651774726771, 7.310546206193265]","[18.262310703870114, 15.716886978051182]",Abandoned,4.905040324878019,,
d109,"[3.1738555679401848, 17.428442655161163]","[19.218500164279646, 18.987018061895867]",Completed,3.3382218194322766,,
d161,"[12.266237443358591, 3.1919901008502327]","[0.433450191046032, 3.71764882555107]",Abandoned,4.964805221841905,,
d144,"[0.13061558350466962, 8.163576982318208]","[2.0413520768946825, 8.961306485494017]",Completed,4.310905913769967,,
d142,"[19.010082361915934, 6.206442897467741]","[10.612763623700385, 6.375037347584669]",Completed,4.2266778984274636,,
d136,"[14.919479197788494, 19.14194701737738]","[4.17435293150578, 3.2855351216397866]",Completed,3.9747688579849383,,
d148,"[10.847302086232473, 19.94307175431355]","[11.57293099685582, 10.43518782285285]",Completed,4.426122801185421,,
d154,"[8.527095188115112, 1.9250573436111762]","[1.357013228344639, 2.838368987269888]",Completed,4.732121351362802,,
d143,"[3.418908232793725, 10.220258121196435]","[15.033099385251534, 9.372106799608396]",Completed,4.2680500546323845,,
d152,"[17.080573803456616, 1.254424740491471]","[18.797517532483386, 8.514001237049866]",Completed,4.640135908863243,,
d166,"[11.018062146766095, 16.13070575014704]","[13.244590434689595, 3.6581494386535973]",Abandoned,5.089626816036313,,
d156,"[11.731356512271658, 11.797937485824217]","[6.137000633403202, 14.907579574152871]",Completed,4.7867104682042,,
d173,"[3.7972751363043833, 4.4215490508537325]","[2.09178346401794, 16.61127535468895]",Abandoned,5.255407874468201,,
d168,"[10.19230212023249, 10.082881406180299]","[7.833529607637488, 11.582933919302752]",Abandoned,5.1238145376158934,,
d164,"[5.55611549868678, 11.574821768122161]","[5.820710083890752, 17.756529690499715]",Completed,5.0001418593810385,,
d172,"[7.003538781074042, 13.9000506637765]","[6.63575318459344, 14.756392885729664]",Completed,5.254265089398675,,
d159,"[4.264188590005054, 0.23438383394670304]","[12.36686374883082, 2.6119952957505777]",Completed,4.867630498024297,,
d177,"[3.547631126958737, 13.539411540957031]","[1.1769109892375362, 15.467630487039322]",Abandoned,5.442486157433778,,
d174,"[9.160927657194682, 12.363845823183988]","[12.185222119909344, 12.901660499726592]",Completed,5.320084507541672,,
d158,"[3.4871158144124537, 4.601275960149009]","[14.75308513158241, 4.282254551319193]",Completed,4.794002969225173,,
d176,"[6.4451929850231, 2.386661413904354]","[4.458745750606523, 19.251695439886447]",Abandoned,5.42454182687787,,
d181,"[5.205169141873185, 11.325533236280155]","[14.920075781541808, 3.3549715883547004]",Abandoned,5.503163109796237,,
d171,"[12.839388503406774, 5.0822085025858765]","[10.561875811675831, 10.707287264900456]",Completed,5.144786484062054,,
d163,"[12.384079864013678, 10.502550946459003]","[16.681955727300558, 19.468106572257334]",Completed,4.995092463467892,,
d167,"[2.0985574169039634, 0.9668173440640437]","[3.571145826977178, 9.257192915263293]",Completed,5.095593506653351,,
d170,"[10.03311644720137, 13.279834099741814]","[13.437643483809353, 19.863512827101676]",Completed,5.142959836217352,,
d169,"[17.54650450544589, 12.89023642379248]","[9.786331837451502, 11.138811890522614]",Completed,5.13596859197358,,
d180,"[15.503544450547288, 7.2540662433177765]","[18.043757911223707, 4.182309133214295]",Completed,5.491595693890546,,
d184,"[9.647990184858584, 13.68481777447349]","[10.691225142783434, 15.876930725443678]",Completed,5.542401330853655,,
d165,"[17.438409002569443, 17.87213028315976]","[6.934997188866145, 8.258216048895866]",Completed,5.028313448538694,,
d162,"[2.629158595180745, 14.691793298952792]","[15.420204624331987, 6.153705787620407]",Completed,4.968634659003024,,
d155,"[18.632455262475794, 15.434985318306678]","[4.169832921108927, 7.652082573499504]",Completed,4.7473038370323,,
d178,"[13.431215269071632, 19.247912923061335]","[17.65857966152666, 15.394899047160537]",Completed,5.452734783178952,,
d194,"[14.903636149688182, 3.2581567888643126]","[18.722183678268188, 4.4836871938190885]",Abandoned,5.895637498589886,,
d186,"[6.832987527986793, 12.103770413019468]","[3.992987223130129, 6.688439886200809]",Completed,5.609622873033763,,
d192,"[2.1446914314331456, 15.0779871866844]","[2.424941554747777, 17.149613546357536]",Abandoned,5.833811579062475,,
d179,"[17.524704678998592, 15.33939024217638]","[7.720278457567378, 8.21184708798209]",Completed,5.462533120980573,,
d190,"[8.610498083506936, 17.64930193794704]","[15.871460454929643, 16.92508730775541]",Completed,5.759780939078736,,
d197,"[9.92679525546567, 9.657304620557934]","[14.741491660323739, 15.720133210690095]",Abandoned,6.0778018750047105,,
d185,"[6.586225049657095, 3.8892864726612064]","[17.785641401199435, 3.642326488129195]",Completed,5.558006024440274,,
d187,"[17.07933496265787, 8.324326687501609]","[16.502402664955774, 18.636531996318805]",Completed,5.640398796101934,,
d199,"[0.8328043433037391, 19.96856343558573]","[10.256970610862952, 18.391524318010994]",Abandoned,6.136628411426233,,
d182,"[15.17816168826101, 14.937446767570428]","[7.44469491705156, 3.01787601898853]",Completed,5.505877263211226,,
d175,"[12.058247092915906, 1.0098878429882574]","[19.209621399753964, 14.351859660580867]",Completed,5.420749112488751,,
d183,"[18.97981342549766, 14.475106245960966]","[5.8791734575283305, 6.367384350335654]",Completed,5.507128131976644,,
d203,"[9.1614293233586, 9.493248182603143]","[10.229455467355205, 10.326289130369727]",Completed,6.307156268495312,,
d200,"[2.9205465531416053, 11.855085523063115]","[4.3709977595926635, 17.15473859517366]",Completed,6.1632520350225946,,
d196,"[17.130681056001894, 9.892788431937374]","[18.798248691529032, 18.630877297362154]",Completed,6.07061418806937,,
d209,"[8.83326785587441, 10.810679899263711]","[5.895428539420447, 13.5612826481172]",Abandoned,6.456644523609638,,
d191,"[17.964992645297645, 11.613999852468893]","[11.629578395852043, 2.095866346279167]",Completed,5.804277462438565,,
d195,"[3.050947940960338, 1.6497949086750707]","[4.879278109327556, 14.826939412298028]",Completed,6.01837368259699,,
d189,"[18.57654844298881, 18.050261788840878]","[1.709678648017292, 17.927932840907864]",Completed,5.719513205356532,,
d188,"[6.152741258308252, 0.5095990238690584]","[2.1710772895404906, 16.57374003218716]",Completed,5.7154742512684615,,
d198,"[5.442478560201806, 5.0815568959566875]","[9.093116188975095, 15.921788453022423]",Completed,6.134137964870071,,
d193,"[2.500960585311849, 3.875908109612809]","[9.361803636726737, 18.577949993915276]",Completed,5.883271500449459,,
d221,"[4.145574578745617, 12.135387514439916]","[4.123231622341241, 1.6887958959732496]",Abandoned,6.900012985263397,,
d212,"[18.692675948106587, 0.7083901982436802]","[11.94108447867007, 0.45724041681900474]",Completed,6.565834754633625,,
d207,"[18.666524883016994, 19.324958224248387]","[7.586942944487816, 17.238237005741837]",Completed,6.429463353900129,,
d213,"[9.497333977273382, 15.87375786117083]","[8.770388212207354, 5.729112281845675]",Completed,6.579421811050126,,
d210,"[11.655751797342074, 8.108696743038614]","[6.215152568852664, 16.873044702663037]",Completed,6.4647682985865105,,
d201,"[14.142259083666728, 7.24534102375851]","[2.0760694655035983, 19.90253022677424]",Completed,6.176921168103068,,
d202,"[4.22779892947899, 0.48875573923814697]","[17.548760400694167, 13.532648653070847]",Completed,6.251176996904383,,
d204,"[15.814282413267385, 8.529227633715186]","[2.2336794009944527, 18.120030903586134]",Completed,6.368632792950709,,
d230,"[19.792452692401028, 6.527283212552364]","[17.67562146820587, 16.703592006867385]",Abandoned,7.1822992893456155,,
d219,"[2.106301702384754, 10.504383096319481]","[8.496588676079288, 12.421775624091637]",Completed,6.801250928188856,,
d227,"[6.224187514930675, 3.981956830591824]","[4.750015385158967, 10.018852616670266]",Abandoned,7.11252050435186,,
d211,"[1.7430812926788475, 6.937888132729439]","[16.58411173648855, 16.513075689553705]",Completed,6.554599082264552,,
d208,"[7.882409062859028, 2.8749238525184873]","[2.1463743165876292, 18.732580531446114]",Completed,6.444758630274034,,
d206,"[10.39345067288359, 3.356133474224099]","[1.579894822260104, 18.67814183878358]",Completed,6.41469624231298,,
d214,"[13.094479772323131, 4.354846091275435]","[8.136908048857416, 18.534354502448874]",Completed,6.609380910319592,,
d205,"[15.873124236298516, 18.359694660231813]","[15.680492321507515, 0.2347432291445073]",Completed,6.378915307252061,,
d216,"[3.960068128274059, 11.171182129999877]","[10.718385430082398, 1.2692508186405038]",Completed,6.6950556450019825,,
d229,"[5.044969867855807, 14.380030978122711]","[9.565900923741648, 14.911905064536136]",Completed,7.1814979868355415,,
d226,"[18.27333434860207, 5.243312624355183]","[13.465313435025895, 3.631374518458137]",Completed,7.099730038870554,,
d232,"[16.09532777102452, 5.881536400339891]","[14.869998383974973, 2.039392534559954]",Completed,7.314377737919517,,
d217,"[15.692003867507312, 12.452573098179073]","[1.917328216243026, 9.21043940757609]",Completed,6.774047590334128,,
d234,"[5.209718210634411, 17.722492599099308]","[7.041996261490102, 15.649275565110486]",Completed,7.390747894785687,,
d215,"[14.410867116761061, 1.0615752765499287]","[7.036929562589056, 18.929417759726608]",Completed,6.624734339773161,,
d223,"[6.510488126100114, 15.013897565957237]","[3.5623838513851003, 1.4802876459618486]",Completed,6.926548800165504,,
d224,"[12.94672569878827, 15.515150059072473]","[4.524683537800957, 4.058446542035323]",Completed,6.9822947148263115,,
d225,"[10.07476300794046, 0.8964801506323972]","[17.640003993627328, 13.010438810916922]",Completed,7.009550865043759,,
d218,"[7.658399387634985, 19.937880731606214]","[3.8562802715125177, 2.0286742088061804]",Completed,6.780902265425012,,
d231,"[4.494919455281692, 14.464037667547505]","[16.52197450902227, 17.68403518508966]",Completed,7.215141761684569,,
d243,"[6.269353179231736, 18.107384001251166]","[3.151100569311389, 19.34858903177991]",Completed,7.6667647411564905,,
d241,"[12.673528560383978, 8.492407440053007]","[13.853423027099252, 4.396525090531577]",Completed,7.619101402496175,,
d228,"[1.562213776398571, 14.965457110837797]","[4.063787702981212, 1.3470004963394655]",Completed,7.150576439707996,,
d240,"[6.637782983857525, 12.106563410200051]","[1.4307871766734737, 6.989159776942655]",Completed,7.618994600870756,,
d222,"[15.064150913371035, 0.3962330436603101]","[15.065652470428063, 18.7585901484332]",Completed,6.918364044094627,,
d235,"[9.787495468373791, 16.671910113039598]","[2.6296986835451652, 9.83946543534677]",Completed,7.471036066316963,,
d236,"[6.815613673354872, 10.467579492572723]","[16.1499445849802, 6.4071239627035625]",Completed,7.485083835986059,,
d233,"[17.501120038840593, 9.726127816418321]","[2.9543503213216282, 1.134156800142938]",Completed,7.316503929851892,,
d246,"[14.736143040232957, 18.08166939986269]","[19.104002430434505, 12.985727457218486]",Completed,7.761989117867852,,
d239,"[17.132709755548138, 9.504719778367509]","[7.116070514765438, 14.923471897160798]",Completed,7.612190698440552,,
d220,"[14.4987222240035, 2.928478818264997]","[5.554409493571482, 19.681818659408567]",Completed,6.809924438476486,,
d249,"[7.6118830608444465, 12.518728433658474]","[2.201315786396618, 9.141879968590015]",Completed,7.9009649629278424,,
d244,"[13.460321771481054, 2.1174035610884667]","[0.11002316237133769, 1.694389741339013]",Completed,7.680523196840516,,
d256,"[4.8265349952018894, 3.484713154254977]","[4.7497706761112575, 5.3633256418365]",Completed,8.20327560486457,,
d238,"[3.8168026412516487, 18.059685086910584]","[18.566676553425886, 12.238294194008827]",Completed,7.522581841684971,,
d245,"[19.204840508022535, 17.370106633337414]","[8.195321891309156, 11.890732303826475]",Completed,7.718686808194871,,
d250,"[1.3175322073287976, 19.97116391539198]","[5.307676400122061, 15.627089666334477]",Completed,7.990503266355742,,
d237,"[1.9498193187108503, 5.795110512435233]","[15.233945360021456, 18.62162533736605]",Completed,7.501989231096349,,
d255,"[6.253686109335936, 3.483678397497041]","[8.308694179499165, 7.711854712397801]",Completed,8.128683354215008,,
d242,"[19.73105864544142, 18.75274171158268]","[10.784986188219927, 8.928761248191993]",Completed,7.62241827381075,,
d253,"[15.85688764301539, 8.846515683621794]","[15.351609271781863, 18.500126828897983]",Completed,8.017969883012466,,
d247,"[19.16102971197335, 9.040949337559871]","[4.298020503020201, 15.222903294672978]",Completed,7.798387032517075,,
d248,"[16.469580745994865, 2.4718795505277313]","[7.053159060742398, 13.515667973300605]",Completed,7.869227731178903,,
d251,"[18.828524617414285, 8.341265676158008]","[9.00703238663641, 11.83990277089816]",Completed,8.005621844831909,,
d254,"[8.08389857706169, 10.602820129676704]","[19.88416186126027, 16.31747857720009]",Completed,8.039350469972458,,
d252,"[14.640145984582508, 0.1097799637506025]","[2.9500012525650776, 1.3777435433656193]",Completed,8.013654187919695,,
d260,"[16.36613217013724, 7.450581579900226]","[14.959902250291217, 14.125455715107869]",Completed,8.551852308066513,,
d276,"[18.24489104982993, 7.825626323031887]","[3.5834158308779873, 4.980193149694479]",Abandoned,8.921258613450401,,
d261,"[1.2716895335587441, 14.372940918154507]","[6.044537076288144, 9.59194202180795]",Completed,8.615862652488975,,
d262,"[5.2091275601149505, 7.281888658045974]","[2.2777172031533377, 12.688152504885963]",Completed,8.697416188710694,,
d275,"[2.0026243648138586, 10.220969437540601]","[1.8237428950293122, 8.808198534361516]",Completed,8.920603320549382,,
d280,"[2.737733537854914, 2.971108067952992]","[9.357003504052956, 2.5156975695290296]",Abandoned,8.998544731304262,,
d259,"[7.652652956169009, 8.21661648938673]","[9.130662254480095, 17.663615365032456]",Completed,8.546044202460815,,
d281,"[19.13702236115509, 13.389090991642604]","[7.162025057693717, 0.333932949852227]",Abandoned,9.000033726692555,,
d277,"[18.722472446976305, 9.726105801476589]","[15.987909610248591, 7.90017357237728]",Completed,8.92256242112937,,
d269,"[13.643493070916088, 17.81345186627499]","[11.293148643553053, 10.59292724332678]",Completed,8.798626886742996,,
d273,"[19.21010601805323, 10.26245173226308]","[15.571517017672349, 14.261481378952794]",Completed,8.873325170130821,,
d257,"[17.88626019390657, 16.261041307695827]","[6.953243346550952, 0.15424524147703567]",Completed,8.350171855632606,,
d258,"[16.668062053696403, 3.152051922404484]","[2.2548131414100747, 11.767561079754387]",Completed,8.492663246989597,,
d274,"[11.92362012432947, 3.528943045181534]","[5.223105623144657, 0.8878791470689462]",Completed,8.918763510401092,,
d272,"[6.3175591113982055, 3.2254168655967685]","[18.804811392255367, 1.5599742898818003]",Completed,8.846880564101637,,
d268,"[19.21915586702998, 13.765153371024459]","[17.58554135073281, 0.29348751657245264]",Completed,8.792578245295056,,
d279,"[13.207337146043043, 7.111840422057729]","[17.926516830429726, 15.583938730716039]",Completed,8.944017687047813,,
d263,"[15.393221179178012, 1.858108669226597]","[18.709962425952295, 16.299356348503633]",Completed,8.71162091035504,,
d285,"[11.927489831503951, 9.485544609152166]","[16.56196279764775, 4.140521570525449]",Completed,9.169767959224503,,
d290,"[2.9259973127730876, 5.6071844721061765]","[1.3906753117797166, 6.318448204116123]",Completed,9.317272275053543,,
d265,"[19.179656286309104, 3.545157129434071]","[4.674882469627127, 3.2763616677004292]",Completed,8.748315511513981,,
d270,"[2.553551515543826, 15.86618205015421]","[16.68390646408384, 19.194107208168205]",Completed,8.840232848189066,,
d266,"[13.427226644682815, 18.065508069654218]","[17.407075748610083, 2.8835670907677624]",Completed,8.754019607553472,,
d267,"[9.924249590349664, 0.693909346071071]","[16.708526783788223, 18.588237707059506]",Completed,8.782722314790313,,
d278,"[7.705786586089449, 4.194900048811818]","[19.70241599955227, 11.106735887164463]",Completed,8.92886292520844,,
d282,"[6.699893660854446, 12.848992712294551]","[18.190829169787243, 5.765287968339214]",Completed,9.041046318813411,,
d284,"[13.720166392891668, 11.75703347638362]","[16.634122705033892, 0.6151900855695414]",Completed,9.078372324221439,,
d264,"[4.224816035250609, 8.042789310233111]","[19.380712197144632, 19.14494740652088]",Completed,8.74232178293022,,
d289,"[1.0526622684811993, 11.193865017634854]","[11.979517029171072, 9.799383292938641]",Completed,9.29950571825858,,
d271,"[12.596568595579793, 19.609316885228715]","[1.7339482703375775, 5.587569039181908]",Completed,8.845624716157284,,
d291,"[11.901114380879712, 4.723914496430366]","[6.352294455924714, 11.468547847203192]",Completed,9.327065702246378,,
d294,"[8.823406964521325, 7.46507679548915]","[8.730679203646176, 1.018089655152925]",Completed,9.613525201073086,,
d297,"[17.60488169611995, 13.673076272031528]","[11.813661804039057, 16.962433914109]",Completed,9.69688573319112,,
d296,"[17.553408649640108, 8.532010398695762]","[14.309566406130404, 3.3879475428470562]",Completed,9.686122686927423,,
d286,"[8.628974039494558, 0.4320135745955245]","[16.68487412003057, 15.215950239222181]",Completed,9.176459540989542,,
d283,"[19.44653687039124, 11.318309838682532]","[2.7667809939366084, 13.486444763283354]",Completed,9.05245560296753,,
d298,"[10.909173190989744, 10.53176595388641]","[16.9199315121453, 17.510215582051146]",Completed,9.758397474255183,,
d301,"[15.83022368925781, 5.872695626910036]","[9.170272278726241, 7.241169084173762]",Completed,9.872865275229927,,
d288,"[2.216369702494436, 9.684347262395255]","[18.91968516649561, 13.792778947518325]",Completed,9.299187450620767,,
d299,"[7.794063667255127, 9.167699906267119]","[15.419832229041084, 16.465508794125526]",Completed,9.771050860545227,,
d293,"[0.20915003906077922, 14.369283774119754]","[15.765406107628042, 19.88616357479597]",Completed,9.509394561364514,,
d305,"[2.929724619327314, 14.002850128861672]","[4.058172847451198, 17.345186300500718]",Completed,10.088720166974392,,
d311,"[13.598133606599525, 7.386467009598585]","[14.648581196729953, 3.210810090294962]",Completed,10.13584402051506,,
d313,"[5.97933326129795, 6.008980188218116]","[6.51559461247907, 2.112877778320408]",Completed,10.208252674479287,,
d287,"[10.636253889592433, 18.965684028708353]","[19.132167057807234, 0.47479621010303896]",Completed,9.286915261329652,,
d295,"[17.577508054336526, 7.3310235758111375]","[4.111063467736155, 14.482680786647506]",Completed,9.6818120557964,,
d323,"[19.22496068709339, 12.050177059852981]","[8.299204078231758, 1.6340220144250006]",Abandoned,10.440768072586636,,
d306,"[15.242065519977409, 15.660240753795643]","[7.269474043696835, 16.22691190376598]",Completed,10.097184558104077,,
d303,"[8.576163517382593, 4.956734535240786]","[16.399904399772872, 11.6818003619116]",Completed,10.05089883125863,,
d316,"[12.478538306420484, 12.514290805258138]","[9.34876181173069, 17.96600062781675]",Completed,10.30601592546072,,
d302,"[17.733736418020193, 10.07614299968975]","[5.815336246865275, 14.892487731092992]",Completed,9.95849899116023,,
d292,"[14.977729198278736, 1.0094829972016117]","[5.720718417148074, 19.595411640885366]",Completed,9.394391759328448,,
d315,"[12.639942192576006, 4.0632745055737285]","[16.64038814571011, 11.623581115411394]",Completed,10.304103863963212,,
d321,"[12.137534012181046, 15.096685885790341]","[9.040567161816162, 19.21650285096736]",Completed,10.384407555126074,,
d308,"[17.863494312678803, 18.69893510158142]","[8.94488360374753, 12.918437315155732]",Completed,10.10824482833169,,
d309,"[4.873047063538656, 7.659548315628106]","[17.11725573850235, 5.16536076178443]",Completed,10.118858969383297,,
d310,"[6.490985293845815, 17.57227455916383]","[19.793022814648555, 19.890579112008545]",Completed,10.12094547390081,,
d307,"[0.9371715155314142, 16.769458361446958]","[14.827150062564412, 9.467656468759735]",Completed,10.100647369538478,,
d314,"[4.5905572248472115, 8.274824007715917]","[12.14168523868668, 3.0383300926874113]",Completed,10.220060967090328,,
d318,"[11.034041935340596, 12.404659439096967]","[18.17045886329221, 8.694465366768906]",Completed,10.339444202515523,,
d320,"[3.690710988855641, 7.1430287197377895]","[8.558974549341901, 12.741176197456365]",Completed,10.379924683326674,,
d312,"[1.735819235272884, 6.3230434747312625]","[17.080801091762837, 7.9970752979375925]",Completed,10.190363715655629,,
d319,"[1.7520281856609143, 15.981889091159394]","[12.880317897183591, 7.935319950938025]",Completed,10.3718200179987,,
d326,"[18.616976296829193, 18.305528519797505]","[15.463415139169783, 15.412135615169273]",Completed,10.800469994455709,,
d322,"[8.2047983660194, 1.6064390675153994]","[17.07412711802036, 4.304194638567978]",Completed,10.397321876337493,,
d317,"[18.276884161688315, 5.0242002018045095]","[5.15427524846036, 12.24805132247723]",Completed,10.318564528719927,,
d300,"[18.7968965848173, 19.81174467448103]","[0.09913896225634655, 7.703701033293955]",Completed,9.85128372882839,,
d327,"[11.096699114710766, 1.1229626614287547]","[4.830715342400033, 1.862634098806235]",Completed,10.841963106616417,,
d344,"[17.35096199037998, 11.593759118621005]","[10.884281143655441, 4.901607334359799]",Abandoned,11.136490149321652,,
d304,"[19.494230068520736, 0.5831517324746804]","[0.7388492469622765, 9.158770798061155]",Completed,10.08239856305945,,
d347,"[4.378316476095458, 7.083705618141057]","[3.5198575789846243, 1.1845648668451148]",Abandoned,11.24081747519811,,
d325,"[12.135636535170566, 1.2398426655845185]","[6.877214138293231, 8.609840591606684]",Completed,10.74231869368953,,
d332,"[19.89959920526672, 13.633450061517511]","[13.916158193461683, 12.322809681821237]",Completed,10.95138174428233,,
d337,"[12.636675371698907, 12.237452894901743]","[17.631479080191752, 10.562092871827446]",Completed,11.07670294011171,,
d331,"[12.812856496158249, 10.197767661734822]","[16.377669392974003, 3.6140321888040816]",Completed,10.925168356247559,,
d329,"[11.452187073614839, 5.272295196081602]","[2.466964239631897, 4.7383401356813355]",Completed,10.877362361217173,,
d339,"[3.2932025764017236, 8.98946664700303]","[9.660719473003741, 7.546830591707394]",Completed,11.082860195607031,,
d330,"[11.196206766055013, 18.758376447194575]","[12.196535389635322, 8.993077656898034]",Completed,10.888108420114873,,
d324,"[9.637383095373016, 18.913007905522605]","[3.72452306104726, 3.995819585545164]",Completed,10.552974955234538,,
d328,"[9.503302581446135, 0.026544647450126302]","[12.603265854135419, 12.908916986089437]",Completed,10.841964437790981,,
d349,"[13.987140219086598, 2.6361554093309003]","[11.726239066952013, 4.595070734761483]",Completed,11.254283319012185,,
d358,"[13.829027882768255, 4.533861665969514]","[7.894580746884586, 4.130199892267683]",Abandoned,11.44660998397515,,
d335,"[13.579844466376962, 3.8711302204781606]","[7.053422862214138, 10.898094565991281]",Completed,11.0538329329776,,
d333,"[16.76983184743823, 3.94508384496594]","[10.805416822112308, 12.141993798118156]",Completed,10.963956607312726,,
d350,"[11.593120009143657, 5.525522473384505]","[8.108929750710496, 8.687747804035142]",Completed,11.331958304987607,,
d346,"[5.643486196199441, 2.676168977127009]","[3.6429535999501605, 9.731483349819634]",Completed,11.229475212309952,,
d334,"[7.722457560383626, 11.644836876036129]","[19.964749607293456, 1.4816312444543533]",Completed,11.002671670399323,,
d340,"[9.40697394591158, 3.1839572009952755]","[0.6650453325274275, 11.735358881303437]",Completed,11.089208403553487,,
d336,"[19.015767630278997, 17.772886201233877]","[6.498709558938751, 13.24871058290629]",Completed,11.06594909816253,,
d356,"[14.342524345592107, 10.440489907236678]","[8.200384416634856, 9.170674169308025]",Completed,11.437916307248027,,
d345,"[13.37984807005272, 7.815887381592224]","[13.066536835430593, 18.696584824296124]",Completed,11.225712144152798,,
d348,"[16.478443086973968, 7.053603167772495]","[7.530862373188447, 7.341963276212853]",Completed,11.24637596187757,,
d341,"[5.167108967663858, 3.9208333066423973]","[9.910217926450539, 16.632215777278432]",Completed,11.101384199869255,,
d370,"[9.07958335515793, 1.1997659673850158]","[14.611760544347195, 6.698673893355405]",Abandoned,11.817738464863723,,
d366,"[11.838723511701625, 18.34624518689314]","[11.497825730298398, 16.503705849836173]",Completed,11.722452825132796,,
d364,"[3.0173011545653083, 11.726645611071119]","[0.4507011507296199, 9.286552058516106]",Completed,11.634293600728249,,
d362,"[11.970144358447126, 4.79429286705588]","[18.890229124934713, 1.8067468497573747]",Completed,11.551744281076134,,
d357,"[19.986062028057898, 8.987701216124474]","[18.638429227539657, 19.07600808245349]",Completed,11.443804017055637,,
d338,"[2.40064260322858, 17.14608165801129]","[19.74368174746053, 7.259314775896093]",Completed,11.081325335720607,,
d354,"[18.892298271225116, 12.997709353973432]","[13.500328691516604, 1.370502323444216]",Completed,11.417935036103474,,
d342,"[3.6970517025576966, 11.792964524557465]","[16.16808007508649, 3.348429616969557]",Completed,11.124698895529182,,
d363,"[8.340181360978168, 1.6501038135318291]","[0.20934107880070885, 5.185883131649705]",Completed,11.626723080058683,,
d343,"[11.646777578538197, 0.4385089632917749]","[10.598605531845376, 16.210731322004513]",Completed,11.128050218830447,,
d359,"[9.944978990120664, 6.153002986669993]","[19.606143658202765, 15.355017891308563]",Completed,11.494473103949593,,
d351,"[17.54283439492603, 13.451045989189101]","[5.312242024185507, 6.195042649816096]",Completed,11.380335210528065,,
d376,"[13.725798135002918, 3.4688314761933303]","[11.220947924043292, 5.7333653333741585]",Completed,12.01219526331226,,
d377,"[19.157951110658693, 3.0759120563457065]","[19.280141500968305, 6.110584996883928]",Completed,12.081164939569605,,
d353,"[19.45589268247344, 6.708237364702989]","[8.420398816987372, 16.58032151179382]",Completed,11.406975056207715,,
d355,"[8.327754397366023, 4.238993847058616]","[15.97236717384396, 15.606336911889588]",Completed,11.421272049874524,,
d360,"[15.761369369021876, 1.0008478628509887]","[5.522065470976878, 6.530494334334032]",Completed,11.500412931104307,,
d367,"[10.121908904505926, 6.966558560433991]","[18.627490518581432, 4.069739259413114]",Completed,11.736102165237192,,
d375,"[8.926083930042672, 19.982872413024634]","[14.58524622347284, 15.953275502565972]",Completed,12.01168450860013,,
d361,"[4.80476184826718, 18.359493539804074]","[11.458433958578143, 2.440898269571412]",Completed,11.526264516294697,,
d371,"[17.75036652431953, 11.803949345689164]","[14.759788950921369, 4.09259688112396]",Completed,11.882551339852771,,
d369,"[18.63527785137099, 16.314914739585376]","[6.243427981464295, 14.56304890918963]",Completed,11.803002611566033,,
d352,"[1.2593392684833082, 0.11883562974304818]","[14.116637041748843, 14.158323692898033]",Completed,11.386475923114606,,
d390,"[17.32041514358078, 9.363312724307571]","[11.355328550106039, 8.620916538364852]",Abandoned,12.489040949048817,,
d368,"[16.555041540985727, 12.231073646244347]","[1.5198484729034933, 19.46138535872269]",Completed,11.766090313390395,,
d373,"[1.4379720220733527, 3.0957260343547]","[13.855509684237077, 3.459688070947069]",Completed,11.999722245138429,,
d378,"[3.164278578499362, 16.645776967678636]","[9.804220952640962, 17.8984187848421]",Completed,12.18869536709298,,
d387,"[0.5869346753368565, 16.84546561242238]","[1.932985924428372, 16.080963318529477]",Completed,12.408199580145588,,
d385,"[10.350914597986652, 3.781126083114754]","[3.992057862671774, 6.3542919077635185]",Completed,12.36632484260611,,
d365,"[1.5187005095912953, 7.50357215064027]","[16.940834891680694, 15.768445920436072]",Completed,11.685763779176197,,
d384,"[15.644453742228613, 13.438847611220726]","[10.059523415103984, 17.187400427447468]",Completed,12.356568396123354,,
d379,"[13.092772063334149, 14.830078493199252]","[2.9918564797835967, 10.473601017983684]",Completed,12.203689608592043,,
d386,"[17.475150517831466, 15.593335069862025]","[6.843389649052181, 15.517521613460922]",Completed,12.37409461552986,,
d381,"[18.95917960563625, 6.017429679038003]","[9.424844201544047, 10.5811076343854]",Completed,12.288156729207895,,
d397,"[4.8761574162597565, 10.622279311486903]","[4.895614946267743, 9.463928215613514]",Completed,12.854269194532534,,
d374,"[14.03025284605082, 13.309398504629424]","[1.9575163061219447, 2.894135965459952]",Completed,12.011400383977824,,
d372,"[12.281354181190196, 4.50069848835553]","[2.3214182239506154, 18.323236967780133]",Completed,11.969467243349028,,
d392,"[9.615490647537271, 18.222046062493806]","[6.665838441567833, 8.357596676895122]",Completed,12.543867393948727,,
d389,"[19.542742090550114, 18.214059367149282]","[12.250289271622643, 9.83331121196532]",Completed,12.451872198568205,,
d401,"[17.38693558980303, 9.624747539109492]","[17.68210608930361, 10.688817574228885]",Completed,13.003892799836827,,
d383,"[15.022681028338432, 5.187024637737894]","[3.371283784932355, 10.995605106350512]",Completed,12.355931569039521,,
d391,"[4.127100497478131, 7.898388070913873]","[16.8912038597847, 1.6248447040562009]",Completed,12.504965979555104,,
d394,"[7.291724869365124, 11.234958846748913]","[3.813857070924236, 17.98723377433462]",Completed,12.800494375746318,,
d388,"[0.6480463238278067, 1.6693887543077413]","[3.751070173017106, 15.815523310529585]",Completed,12.42597890935239,,
d395,"[11.634227611525263, 1.3236580491455618]","[19.47951407875211, 7.111476963049412]",Completed,12.810596703984473,,
d380,"[19.76567442551013, 17.580125097204487]","[5.028969440116075, 2.528016212948303]",Completed,12.212568073045382,,
d382,"[1.7625439622199424, 18.1014519768385]","[19.055888462415382, 13.24926336332677]",Completed,12.341838691018063,,
d393,"[13.179652164157176, 6.87459816763595]","[3.7139839185393564, 15.996857004078702]",Completed,12.694255965672069,,
d407,"[8.659636230172591, 15.194691519304245]","[5.673029014645456, 18.41954545573445]",Completed,13.170414153642001,,
d403,"[14.777479434283514, 1.3472151029507629]","[5.170501791668666, 3.8075298070460994]",Completed,13.043098846570766,,
d411,"[1.2508831993318692, 3.4019952066209536]","[2.619040229637537, 5.014803861004939]",Completed,13.350408137970778,,
d410,"[5.177679802618982, 15.884593447389273]","[2.539087107079425, 14.056971109488694]",Completed,13.336895006273677,,
d396,"[16.908768895635482, 13.780175495237451]","[3.598426545645772, 6.525340177907513]",Completed,12.827168875083247,,
d406,"[15.81284030600594, 5.35031885155065]","[7.798796123944549, 5.5992229741002575]",Completed,13.149364459508366,,
d408,"[16.646878822764407, 15.363284305726683]","[11.669741056835615, 9.053313633912394]",Completed,13.180524710737055,,
d402,"[14.63258248045678, 15.06915181135228]","[4.920437310633061, 18.587854466221135]",Completed,13.040665332364,,
d409,"[8.815542113486995, 5.826945020609358]","[8.856269836501099, 12.290886421646103]",Completed,13.304593182422494,,
d416,"[12.750390674418444, 12.626129063792625]","[8.813591761607505, 12.018260698850895]",Completed,13.507841890367514,,
d399,"[1.1587360204180763, 13.69794426357813]","[14.863253405926354, 9.797217162220885]",Completed,12.946836009256371,,
d398,"[19.22703785647231, 11.317501730089388]","[1.6954843031346578, 0.7807710869401041]",Completed,12.919892765858243,,
d424,"[7.505329791545165, 2.4878238874367598]","[9.850961308851673, 1.797537169743404]",Completed,13.71344627348803,,
d429,"[6.733749418400143, 10.542155420301608]","[13.748435699447336, 16.93803180832727]",Abandoned,13.847430348627615,,
d423,"[4.585059041669908, 4.196278631168877]","[8.777476166055639, 3.3306769770763722]",Completed,13.69228562090465,,
d404,"[19.80680778980951, 0.12598783621842413]","[12.68146452801898, 16.591690516386958]",Completed,13.0591421134463,,
d414,"[9.792260229610516, 14.274655219394168]","[1.8369319499239767, 18.974259017676193]",Completed,13.474278865427081,,
d418,"[15.075601335319872, 1.159586336344578]","[7.83061540171353, 0.4697984175365222]",Completed,13.531527401863732,,
d405,"[16.19614559694857, 16.003342694343754]","[5.707414242952313, 6.557388159096414]",Completed,13.119378209683441,,
d412,"[0.8034136405659487, 7.757230153364634]","[11.2009598461884, 13.92503846742203]",Completed,13.372400329293075,,
d400,"[18.596380244272794, 18.9542022805129]","[0.8902394193051055, 19.032219808632934]",Completed,12.979225446275246,,
d421,"[5.5202575721886005, 12.80922432414123]","[0.5883761900307505, 3.8354730924622538]",Completed,13.60907697576049,,
d415,"[18.42816233171344, 2.963318700016069]","[5.66164156125748, 4.712725697390234]",Completed,13.50518335675849,,
d433,"[18.53885944087234, 13.40336798816372]","[19.092680723034857, 16.33520017932846]",Completed,13.958795123360138,,
d427,"[6.1530025693721635, 11.7804268449915]","[4.9743871587685895, 3.7402678351294294]",Completed,13.759169198686497,,
d413,"[10.355714777496912, 2.8461567516946173]","[9.049468687635404, 19.60878452670048]",Completed,13.375693744038092,,
d419,"[9.671647999951345, 19.540137333775377]","[19.938599378913477, 11.096323613996585]",Completed,13.535526073148374,,
d426,"[2.7628726739815868, 1.4063245439457384]","[11.78380472325266, 7.7092625147016225]",Completed,13.735720613655381,,
d430,"[6.203083413668528, 12.0959971993905]","[10.965003066685215, 19.640740874506257]",Completed,13.848354145285905,,
d438,"[5.528317716066744, 13.42495062387092]","[3.527565427135393, 16.601431562049054]",Completed,14.050055321757222,,
d436,"[13.531685002866494, 2.8374912171795996]","[17.05707298104197, 3.1386029568186835]",Completed,13.984889303012855,,
d422,"[2.7550430126500314, 15.269021544874093]","[13.901649851225521, 10.571418320341522]",Completed,13.681468230209108,,
d420,"[8.11521735868591, 14.493309421709153]","[3.908212462327192, 0.4116518485853149]",Completed,13.550184754385823,,
d445,"[13.9475523967998, 1.5577442123570773]","[17.067044587827603, 2.2455879936105805]",Completed,14.209819113553193,,
d447,"[15.68040151296944, 8.532902166719325]","[14.32761538672345, 8.100178681317525]",Completed,14.314260680906305,,
d434,"[19.818894056866636, 17.89391940562981]","[15.359518525465836, 12.06545473911923]",Completed,13.9604173897001,,
d431,"[6.113992355725808, 12.608041774971678]","[14.959487847658773, 11.406474614452254]",Completed,13.874561687970683,,
d417,"[0.4662792528091231, 1.5280278839703376]","[16.425870350727784, 7.586865925506703]",Completed,13.518599398320701,,
d441,"[14.416515714966735, 16.743100667199137]","[8.827791760936899, 18.86754423655632]",Completed,14.08619906647062,,
d444,"[5.7357606676643975, 10.85593008289039]","[5.997236182325125, 5.754541967053088]",Completed,14.190332955839912,,
d432,"[17.591534504836044, 9.56946416851781]","[5.3046149790869475, 7.950237236885758]",Completed,13.94876703895701,,
d425,"[0.7943985866445469, 10.301053436898151]","[19.499524161235698, 13.564937922761375]",Completed,13.732879395875857,,
d428,"[4.969353265492591, 3.639911643003393]","[18.25823252160727, 10.16262954226045]",Completed,13.784367644691837,,
d435,"[12.541812965347825, 2.5982868327991437]","[13.661122165220252, 14.53106152267333]",Completed,13.969265891109822,,
d462,"[3.2403531823495446, 7.181616452012132]","[13.621064903717047, 5.160331642994804]",Abandoned,14.714112307405742,,
d457,"[4.211412143901725, 6.126832713202597]","[2.2379055649454638, 8.11257470416868]",Completed,14.59445827439335,,
d449,"[1.5630884007039114, 0.20851336425308897]","[6.513921249136569, 6.754319819746167]",Completed,14.406103266188403,,
d453,"[3.301664724717026, 15.577498172091797]","[10.765982542245876, 16.766554447991517]",Completed,14.448416665792015,,
d440,"[2.4965561348431775, 13.797100109042198]","[14.335860864002203, 4.001237969505917]",Completed,14.058048166473215,,
d439,"[15.82543443112252, 17.145282262299673]","[18.260480514761536, 1.792500455280992]",Completed,14.057791470082924,,
d455,"[8.451288401002504, 0.20365906010897827]","[12.45986787028638, 7.575353392141677]",Completed,14.55348239384819,,
d443,"[15.463117744025055, 2.9723699627488975]","[2.926120620268171, 14.61669766329651]",Completed,14.181597654998713,,
d463,"[3.260813210083884, 17.54403942470437]","[1.3005463829373332, 15.512507690151418]",Completed,14.731150760874849,,
d452,"[9.90372013261338, 5.630620845435493]","[16.190910693639005, 13.313401114306824]",Completed,14.445360504079547,,
d437,"[6.227144899325601, 16.449702324707815]","[11.408127642616213, 1.0038214187924144]",Completed,14.0091820744526,,
d454,"[6.245260256261531, 2.914275717641772]","[17.913383195124478, 3.9605360699862757]",Completed,14.489148661043721,,
d446,"[16.09542068906591, 14.925574571828035]","[0.6836051199115833, 9.690462786502128]",Completed,14.293831711315907,,
d448,"[18.71171419510746, 17.241122003179658]","[19.4442645149613, 1.6813285376675613]",Completed,14.37058520298453,,
d451,"[14.675553563804426, 3.4206139819665338]","[4.109834492023284, 3.529703395440962]",Completed,14.436100317411734,,
d465,"[2.2402699233968093, 16.06352495419073]","[7.103406259505269, 14.816654536396905]",Completed,14.825365702513054,,
d458,"[18.44527237147856, 18.987919611724134]","[7.818487189426628, 15.243420758769453]",Completed,14.620470090674528,,
d442,"[15.496991569530481, 0.40062314400010957]","[12.221556032990613, 19.488291258832678]",Completed,14.180564455231144,,
d461,"[16.032142961923256, 5.886757543301466]","[11.561460547875884, 15.463341627328678]",Completed,14.675243293398463,,
d459,"[11.529512544690025, 2.3111121352726327]","[2.451891653757474, 12.07341934452778]",Completed,14.628881137628735,,
d466,"[11.891634853022932, 13.454093738024289]","[15.187478392340827, 17.014471612365632]",Completed,14.930821309402443,,
d471,"[3.869324800822853, 17.476687872754297]","[7.064870912313386, 15.75131942382374]",Completed,15.165053047216281,,
d470,"[8.035224541140963, 4.392104838865412]","[5.807272797929999, 9.229336745898813]",Completed,15.157676566359966,,
d450,"[4.153728481059806, 10.888238726832924]","[18.131946316529056, 1.7951197289811538]",Completed,14.430861385317694,,
d456,"[1.9174285342964748, 15.80240138044508]","[17.503971948223263, 10.87068203544183]",Completed,14.564964171966107,,
d474,"[12.649999410927107, 6.178123384914791]","[14.05519091050746, 4.009955016530144]",Completed,15.35489755649912,,
d464,"[12.53734802391243, 10.056098071628082]","[0.39001699616270535, 11.017922373729208]",Completed,14.77887063066965,,
d460,"[2.7982463370739907, 7.595398538248781]","[17.254514151341404, 19.27926461782665]",Completed,14.658915478496416,,
d475,"[2.262597840416103, 18.758156726390872]","[8.445660298136527, 17.570816709331464]",Completed,15.364629566052256,,
d467,"[15.462308179145516, 3.285212303032232]","[4.127093553968253, 6.250094754482496]",Completed,15.05502141499596,,
d472,"[10.533587269759954, 4.051700819582338]","[1.0589138359163575, 6.10318748178477]",Completed,15.28526764982121,,
d469,"[1.1955224830128341, 15.933522668976021]","[15.53289720951623, 12.261388896304243]",Completed,15.074705357467188,,
d483,"[11.002060647688182, 3.715715461743805]","[6.977303985068342, 3.1916120948356075]",Completed,15.572262164886018,,
d468,"[15.932091006046697, 6.887201403032228]","[0.7086486517907531, 13.182745741227693]",Completed,15.074371945600024,,
d480,"[4.191504502737589, 14.797256755940511]","[0.8531521905106287, 10.155567894627787]",Completed,15.554566005714012,,
d476,"[3.1813120640992487, 11.187140396810802]","[10.893142249770644, 1.8559756031692864]",Completed,15.39437581500485,,
d482,"[8.596725669226867, 1.7253446271728778]","[14.926718565893255, 8.353846805161073]",Completed,15.568875271486457,,
d478,"[7.3884545741902, 6.397644206043243]","[12.00647245776917, 15.160300980680114]",Completed,15.506015324814149,,
d487,"[16.9393032043901, 1.197262844758118]","[12.628952819019583, 5.2347895127849675]",Completed,15.594313173321282,,
d481,"[1.9853455464249037, 2.1561754497749464]","[9.258126945333832, 8.594837264793771]",Completed,15.555249796720396,,
d479,"[13.861137443213003, 10.997374563563953]","[4.299556817849373, 17.31190195379606]",Completed,15.548834194153883,,
d485,"[10.434268540638417, 2.538585889915199]","[6.168241761871056, 12.423406667296991]",Completed,15.588703301101972,,
d489,"[9.432418769426658, 7.622980411671508]","[11.302204468776797, 2.4098219475506855]",Completed,15.835188777811021,,
d490,"[4.976957430415951, 7.166701701048119]","[7.541491547801882, 2.5244140275116322]",Completed,15.848694082672667,,
d473,"[18.705974586903697, 10.154365804465717]","[1.091965467016276, 17.002657345401097]",Completed,15.305518895317235,,
d484,"[3.211839422456224, 3.9685814045228596]","[11.955606600262584, 0.4813971236227865]",Completed,15.586597637418418,,
d486,"[15.001922986776774, 5.903779007576211]","[7.155581727663039, 12.318210863264438]",Completed,15.59039167924284,,
d477,"[18.39116642311492, 4.653304074344611]","[5.040466662488554, 15.532800225675183]",Completed,15.49834381119411,,
d491,"[13.784070668387338, 6.051701158052576]","[3.7277381913539553, 6.017296150289022]",Completed,15.863667344366169,,
d502,"[4.779691725790245, 10.792945585582707]","[4.529077510365356, 9.697406097899982]",Completed,16.48826710352651,,
d500,"[13.288962423194942, 5.228060263566432]","[13.080231190188735, 9.042440271765283]",Completed,16.40169697466446,,
d488,"[3.605720561125505, 9.001966480744564]","[15.327254966595856, 18.998115289012468]",Completed,15.766793718996372,,
d494,"[14.10791229182118, 0.46881564026618694]","[6.969284491569637, 8.40767471655129]",Completed,16.086919497293202,,
d506,"[16.592865410462323, 11.354989901901627]","[18.42221947517547, 8.888406359418838]",Completed,16.596659889478023,,
d493,"[19.510862547988367, 1.6385819904849752]","[14.56844445546944, 16.647012425262183]",Completed,16.056077415004815,,
d492,"[11.961979009188276, 0.6855259860628382]","[16.02849724031422, 13.451781846632421]",Completed,15.983786080747542,,
d499,"[12.913986314681999, 19.257970460861113]","[4.374259812498014, 15.864610517526696]",Completed,16.314199506561728,,
d498,"[2.6594831302964117, 10.773791016704147]","[9.260906591559252, 3.8121025633634]",Completed,16.273206420938326,,
d495,"[16.607639023626124, 2.9499268124539713]","[1.8560701166900562, 10.003022844548857]",Completed,16.17141889124413,,
d510,"[17.695458893772336, 5.671522149642723]","[14.638767626587885, 5.555634241626497]",Completed,16.708446769831927,,
d504,"[3.1464848837137516, 10.234258537987921]","[3.860289802578749, 3.860785251814587]",Completed,16.52652270908688,,
d497,"[3.7067884265631257, 16.332076783912317]","[3.259294718079393, 0.9089119848132321]",Completed,16.244473537654144,,
d501,"[14.942522783940431, 9.530578659364018]","[6.063239781965524, 12.029333173217553]",Completed,16.472847493683688,,
d503,"[18.527348728778428, 14.193932522561179]","[19.035803760081798, 6.433457541628105]",Completed,16.516480854138255,,
d496,"[3.4395957472058947, 16.1943536991047]","[14.690232782229158, 7.211129714208855]",Completed,16.186778947977416,,
d516,"[17.79612783572054, 17.378302457636853]","[19.382194829720262, 14.938469398939453]",Completed,16.856715197044224,,
d509,"[15.814522688186202, 4.653327160490688]","[19.95452262088188, 7.4582255827933714]",Completed,16.698724541509264,,
d505,"[16.962726568708216, 5.591322617721133]","[13.700347805638987, 15.84955710969206]",Completed,16.570465349650796,,
d507,"[10.64049313635463, 18.842554947301704]","[3.8420191236497403, 19.634180589780566]",Completed,16.608510853988715,,
d515,"[3.423503292218135, 1.8732137940238691]","[4.1787731637252845, 7.789345284896911]",Completed,16.824060819392766,,
d508,"[9.029069129860064, 12.153262870906039]","[6.526277382320749, 0.1829456036528576]",Completed,16.62127417408457,,
d514,"[8.645424374239912, 6.25603034732838]","[0.22342300300873363, 4.206610723594338]",Completed,16.82293173918948,,
d511,"[7.960883459645869, 11.717227035679842]","[15.659907271185647, 18.912089283511058]",Completed,16.72566330475965,,
d531,"[7.555948101333872, 18.75386692254982]","[10.70883445315994, 4.280482306970182]",Abandoned,17.372460133510014,,
d513,"[9.740532684537895, 4.442280039697454]","[11.340640954068439, 17.72392626086667]",Completed,16.77907752981664,,
d526,"[19.678045742650177, 13.934102399355766]","[19.681997037395828, 17.731182719837214]",Completed,17.27407636548603,,
d512,"[19.897714981506486, 17.130783189069255]","[14.687483982868612, 4.832597452433081]",Completed,16.777409417001234,,
d519,"[14.34989656806515, 7.444507565793601]","[8.247162753850182, 0.14533293669014125]",Completed,17.073251497449686,,
d521,"[2.505396081142486, 16.778180462119177]","[5.427136912764528, 6.298722074308234]",Completed,17.117131659857304,,
d539,"[14.226636329965078, 13.239374912902697]","[3.680335022380148, 10.701335473250085]",Abandoned,17.580315692323953,,
d523,"[5.240377989148941, 0.04641403273265787]","[14.903426356092705, 2.61232984152711]",Completed,17.206835734564663,,
d532,"[1.2901392654439836, 16.230788791899865]","[15.51777491969842, 3.0892294779205898]",Abandoned,17.375963145580112,,
d541,"[3.0822280668106283, 4.348949048904878]","[1.7162718012476863, 9.130740719669873]",Abandoned,17.645307743177778,,
d528,"[3.993391277752487, 19.640872742183703]","[4.435016796768374, 13.497548656989979]",Completed,17.317236135797277,,
d520,"[9.93028202975826, 5.499761472708531]","[3.865011167557897, 19.611907243948135]",Completed,17.103394089858742,,
d536,"[10.918152801364096, 14.64323324225832]","[14.291951107349892, 18.425647128003536]",Completed,17.456358818444382,,
d517,"[18.335834943957057, 18.38911939508324]","[10.974098707230466, 0.5579879256498255]",Completed,16.9968123549079,,
d522,"[3.6142227714815722, 6.127211269899311]","[7.740865273368334, 18.062464946197714]",Completed,17.156634140507425,,
d530,"[5.728210819777622, 5.920736204281876]","[10.22661997770257, 13.971766381847308]",Completed,17.326197310940564,,
d518,"[17.29665581804017, 19.32779375961665]","[15.937924347048655, 0.0728904009201381]",Completed,17.00551084513886,,
d534,"[11.629458955777558, 14.80489515524873]","[18.196913813026676, 7.065715439250879]",Completed,17.414461449709286,,
d543,"[9.020258171820856, 10.954949658112469]","[12.717775093045379, 12.96287318400346]",Completed,17.711542429515184,,
d529,"[15.216007924691404, 14.296278792887216]","[7.171249834408078, 5.503210550958844]",Completed,17.322391115044542,,
d524,"[2.4033052236639962, 0.4192625015098628]","[2.1469607117003986, 12.702772915896192]",Completed,17.244140793470258,,
d525,"[16.142693137041814, 11.909163598269084]","[1.6637734696199358, 14.101561417557667]",Completed,17.268082780175718,,
d538,"[10.564966212658124, 10.07651938581189]","[11.289733456296778, 15.670734398239752]",Completed,17.53754934760991,,
d551,"[8.427115157162008, 19.82117386131171]","[8.086177468132536, 19.67294053975744]",Completed,17.986169935150084,,
d549,"[11.821159764714572, 14.202474646714627]","[14.674125168089166, 13.681100839423706]",Completed,17.96376449922532,,
d556,"[9.203970011442081, 13.186876379509428]","[8.633663119151123, 14.2592705642108]",Completed,18.06018784889749,,
d544,"[13.08817393412163, 19.60485740683638]","[8.125685610759273, 11.923633646999182]",Completed,17.75991738309383,,
d527,"[10.137822094208676, 6.787436780967133]","[0.2209176992869777, 19.032093811859912]",Completed,17.313894606695214,,
d535,"[4.399162203374467, 11.172327997562093]","[0.8427619173420298, 0.6725724415579082]",Completed,17.414965516407488,,
d540,"[1.9639163035884333, 3.1032262783103293]","[0.07329000163298849, 17.343562245052293]",Completed,17.631598482834136,,
d555,"[12.427823777585482, 13.38665448706416]","[14.499280865618264, 18.573481238482266]",Completed,18.055708509577123,,
d537,"[16.507062045223478, 1.3829546681716498]","[10.77603452810586, 17.720105110670566]",Completed,17.50838447550147,,
d546,"[12.611041143270379, 15.74673847799218]","[17.548041756665018, 3.2191061798762233]",Completed,17.80830023142586,,
d548,"[0.5257275636023895, 0.6346528846163091]","[9.531226085076316, 7.896870517984642]",Completed,17.89204115094063,,
d558,"[10.722532021542278, 0.9899313768627827]","[14.658212577658926, 4.640476898228827]",Completed,18.207691287936047,,
d564,"[5.577666399714724, 16.715081913171893]","[7.512382767156593, 16.580270356886288]",Completed,18.412486002336752,,
d533,"[3.3290521524101435, 16.45714796539943]","[17.31128444011293, 2.957709809179905]",Completed,17.38026871388694,,
d560,"[13.522666504545274, 16.35902905301085]","[15.123276546956221, 10.597565960632004]",Completed,18.228358799147895,,
d559,"[4.168327599589309, 2.6839972970680415]","[2.2835694767473314, 7.653780495806148]",Completed,18.224045765436685,,
d561,"[11.026681821542304, 9.332206337471167]","[15.408688216738769, 7.161828398673016]",Completed,18.33392047650105,,
d547,"[15.85986388270948, 2.9574721612982535]","[0.09591893322482115, 7.53316810542419]",Completed,17.828738812598907,,
d557,"[1.9127071158838915, 4.459255512630412]","[10.563764299975716, 13.144352697389737]",Completed,18.100482902548844,,
d550,"[5.818605032618207, 15.044195354022028]","[17.503813257634874, 9.446677313385923]",Completed,17.96507104013271,,
d542,"[4.3347008587350055, 17.411439291663925]","[17.28745483222781, 2.5861421545331376]",Completed,17.694148681090585,,
d562,"[10.951240805381167, 7.069634497869779]","[17.573209696001342, 3.897816937002241]",Completed,18.337354356740082,,
d545,"[0.9924990679263113, 12.007816022506145]","[16.673432767822487, 18.15912463636183]",Completed,17.76537965626154,,
d554,"[18.613017517621685, 15.139109530983587]","[6.090016297436058, 8.993204135129261]",Completed,18.024685413594458,,
d552,"[0.23304147457201552, 9.298849882735865]","[16.224370556415405, 9.95262114545982]",Completed,17.992299302345604,,
d572,"[5.566047652480148, 12.054813148887028]","[5.23831307538426, 8.010085061814681]",Completed,18.670884502908702,,
d568,"[6.331945692229015, 5.413513628815676]","[4.998492580653746, 13.827117686278388]",Completed,18.507008692684636,,
d574,"[6.140458410451705, 15.638360947475379]","[8.754409998375934, 19.802525667433713]",Completed,18.68943100776035,,
d575,"[12.700270961291285, 19.49953442417458]","[8.200961183061992, 15.277101989651472]",Completed,18.69832693795631,,
d553,"[2.575082806490052, 13.319942158879478]","[18.80122746190879, 11.215901517518898]",Completed,18.011923903060133,,
d571,"[1.8759761470320413, 13.213424839744208]","[1.887938240301299, 4.466564125893946]",Completed,18.616418815438617,,
d569,"[0.11375378129917735, 17.69056087940624]","[8.288070392439622, 19.389720447457243]",Completed,18.564447161317396,,
d563,"[4.171427892405022, 16.179130788045352]","[8.179716147119594, 4.717082698577812]",Completed,18.37543296754128,,
d578,"[13.455117319864705, 13.896271815082086]","[8.996416420729611, 15.702807938032652]",Completed,18.89394965541101,,
d565,"[16.882587888977902, 6.398342092220039]","[9.029512662501718, 17.810175555595865]",Completed,18.44242410157911,,
d566,"[15.952106903735068, 3.4984857496918664]","[18.917404878181408, 19.172710231195257]",Completed,18.4664779232012,,
d576,"[18.116564155916663, 8.709910790079183]","[16.530581423332713, 16.421079792616244]",Completed,18.841889964489436,,
d570,"[16.05311978426713, 16.69360269379427]","[13.109197024191321, 1.6413336733592332]",Completed,18.58415796713714,,
d577,"[5.315465337102072, 4.244666709224756]","[16.96343970569931, 4.289023281476487]",Completed,18.843680098948806,,
d580,"[8.526282387564464, 12.73269878018413]","[2.832035254367904, 4.186771485353562]",Completed,18.948773914129347,,
d573,"[5.666765574682371, 14.588994321573587]","[18.565506994806288, 18.89232753840843]",Completed,18.675392885317642,,
d581,"[9.700876811602841, 12.332943041683304]","[2.6610734277786707, 7.6040664357062004]",Completed,18.972013355885807,,
d579,"[6.483571475663952, 7.0926075332214555]","[13.355411503456754, 13.490359970864782]",Completed,18.92215637219138,,
d586,"[19.84049381511371, 7.400776270608751]","[13.147924982801392, 5.82885878847269]",Completed,19.252743450851003,,
d583,"[15.025097531562349, 9.364043778802545]","[10.77106559180624, 18.106529728134852]",Completed,19.135017197877115,,
d582,"[10.976435462927938, 5.718006935990239]","[17.711790638584407, 15.689082121952225]",Completed,18.975863024065145,,
d567,"[16.928094490360625, 14.282510955071725]","[0.8908748820390167, 3.199318006153826]",Completed,18.497080412304076,,
d587,"[1.3197712307876452, 4.561166741483755]","[0.8337609181461003, 16.503020803190076]",Completed,19.310025386019582,,
d585,"[14.093471757629182, 11.430532228871602]","[5.296128945392344, 19.501448632722294]",Completed,19.23513285503283,,
d590,"[18.970561202542545, 9.682329962669364]","[19.29519345571722, 2.983657376405393]",Completed,19.66289661576031,,
d584,"[5.596158210272868, 1.2808001440537997]","[4.755332428242172, 15.610730088398014]",Completed,19.229222575240026,,
d589,"[4.658154305385576, 6.862490225667532]","[16.604298252825544, 0.910031164399232]",Completed,19.54204345808074,,
d588,"[9.750679696309266, 3.2845942899746605]","[8.39793347858029, 19.88618629803633]",Completed,19.535523889259185,,
d602,"[1.2372051625832414, 19.109474935568993]","[2.4170694459116726, 17.261119009698128]",Completed,20.313422921490524,,
d598,"[10.438409726579149, 9.839848230861035]","[13.009633433701147, 14.688617830693243]",Completed,20.19459686907749,,
d595,"[8.468315671973192, 17.992485828852587]","[6.305061429463635, 10.564430882027633]",Completed,20.103655811732107,,
d594,"[5.466670016568549, 17.23207828435361]","[17.84374087170644, 16.318875887843685]",Completed,19.997184225653925,,
d593,"[15.257794813117677, 15.15754253025911]","[12.369541624331585, 0.8049051067502999]",Completed,19.96479838971182,,
d592,"[6.071233635234405, 19.64028459340682]","[2.4514012501855054, 2.3110065253649448]",Completed,19.736055112096125,,
d606,"[7.911764548203102, 12.456364566411777]","[11.23219997953607, 12.473812537221423]",Completed,20.408623653139788,,
d591,"[4.833191981684328, 19.226416573521327]","[17.842518402069732, 4.9962128682762135]",Completed,19.674406865151035,,
d610,"[18.123278079912826, 12.612803565245454]","[16.396115159559514, 15.023986276979391]",Completed,20.604156328269102,,
d596,"[11.911102416885997, 7.515421507626563]","[2.3402917293223724, 2.5844619532004964]",Completed,20.14537043805732,,
d605,"[6.412864729626406, 19.997942417243223]","[13.734598703060414, 17.412529119315163]",Completed,20.397484873731717,,
d607,"[19.202502048097113, 6.883663751099363]","[8.426718941869826, 5.5632299378660965]",Completed,20.445129453970438,,
d611,"[12.328006591504852, 4.379475932036296]","[11.552191824896807, 8.787918656318109]",Completed,20.6649251375518,,
d601,"[17.0065375670312, 2.377331721249407]","[12.9015716569367, 18.253750267625144]",Completed,20.287829027942205,,
d604,"[16.888963104371655, 5.677210779538051]","[5.659951652906072, 13.984507196598635]",Completed,20.384527987522464,,
d614,"[9.411972821466579, 3.886235415494681]","[8.412618271871096, 12.106401695131614]",Completed,20.725880551496665,,
d621,"[4.735278491420585, 17.680622808780512]","[1.6302233713584524, 19.89359885471186]",Completed,21.013114414968804,,
d612,"[4.792898783247859, 17.92986348432502]","[10.176567631937365, 5.32073592093613]",Completed,20.66667726490296,,
d603,"[0.053995302052103344, 0.3698795238299324]","[18.009014035834493, 6.9732777851793015]",Completed,20.339943218618977,,
d629,"[12.348425042525093, 8.142969222855623]","[6.198916853636051, 0.2069898041734075]",Abandoned,21.282134236101534,,
d599,"[0.7430213572070143, 3.8868912210096362]","[19.754078229253626, 14.003590222834495]",Completed,20.232799215905704,,
d631,"[13.041559326814507, 3.687549422314338]","[3.6473123444206235, 9.099309690455083]",Abandoned,21.306772264196518,,
d616,"[14.0174911435909, 6.2338877669456805]","[19.234246067164314, 17.286147248619848]",Completed,20.82179911569928,,
d618,"[9.986414197143532, 4.565210945422084]","[19.63905102209473, 7.139772000518992]",Completed,20.924580755823538,,
d597,"[3.6800615113469215, 0.8053606268381586]","[17.487942981330832, 17.950397182506162]",Completed,20.17472150520165,,
d613,"[10.301719887328641, 17.010832145387635]","[17.387105695862964, 3.413757798328625]",Completed,20.66844847377446,,
d608,"[10.203738233382039, 0.46685871171807003]","[13.143421756124088, 15.35180749715801]",Completed,20.52625697134639,,
d624,"[11.092794687726055, 10.191141314013844]","[17.04814556104132, 15.905523285151265]",Completed,21.073236300443476,,
d636,"[19.388239863471377, 3.925333048376234]","[1.7798083663901898, 17.64963022744479]",Abandoned,21.362666409294498,,
d638,"[1.7466005806172191, 9.776826556677156]","[16.330185775070284, 12.768081297419995]",Abandoned,21.411255564061182,,
d615,"[0.26848687463066234, 1.3993262661376593]","[11.16615612343137, 14.385903353993331]",Completed,20.754606858317306,,
d640,"[2.8780986640933715, 16.78992256647333]","[13.95293462653975, 8.69620971312977]",Abandoned,21.495692871205144,,
d600,"[1.865010608757689, 0.42780765599698567]","[17.233524734385288, 16.235422717383713]",Completed,20.259629237188783,,
d617,"[8.900648748791939, 15.979211942588078]","[10.689360438474814, 1.8918404647035603]",Completed,20.87747058519333,,
d622,"[5.964298082925938, 13.76471698333372]","[4.35650032881381, 4.030847248194307]",Completed,21.04153596829422,,
d626,"[7.430380275757418, 10.035665322373342]","[14.213613442555612, 15.945467310595172]",Completed,21.1092361822544,,
d620,"[17.01464393032478, 4.412088051561318]","[19.08783448201598, 18.65695418912177]",Completed,20.97373875182699,,
d625,"[8.609835033594946, 11.75653677639337]","[18.247912733452914, 14.654526746184944]",Completed,21.08453404715668,,
d609,"[15.758964318654796, 15.626719592576503]","[1.6594721230192033, 1.734874780867861]",Completed,20.56653816060674,,
d634,"[14.198778016535565, 17.332101159807692]","[14.871455051047315, 11.440008089603701]",Completed,21.344901957935257,,
d632,"[15.911043372159053, 4.940916706865868]","[12.713790223366896, 11.910356937488976]",Completed,21.33098273088224,,
d623,"[3.7437728843408813, 8.224229516269698]","[17.001261811575237, 19.337260033857056]",Completed,21.049251522241214,,
d627,"[13.707510845905475, 15.918890204042437]","[16.178960224850183, 5.572920610676486]",Completed,21.130994280006785,,
d639,"[8.033226889990154, 19.025888809871763]","[7.8408771558463926, 14.300768638745007]",Completed,21.476774662298016,,
d619,"[13.77094507635977, 2.0397488893950544]","[19.56101108668428, 15.784326160614375]",Completed,20.925351501442766,,
d635,"[0.2524644153030775, 16.191820056727607]","[6.4550942311032555, 7.673780624078352]",Completed,21.356603653123496,,
d644,"[13.497843067327262, 19.799456946525304]","[18.990424451266527, 13.216954214939623]",Completed,21.60101680669566,,
d630,"[5.507646003341358, 18.715798280879575]","[9.9910475024367, 3.9532627251008656]",Completed,21.287854023389798,,
d628,"[0.3130497645195085, 8.20956651064678]","[18.332400880717536, 16.931519141911213]",Completed,21.231294024235883,,
d633,"[2.204182661048799, 18.1905723920934]","[2.7521280138920834, 3.9081417232403193]",Completed,21.335937908564144,,
d643,"[17.85684552273056, 1.5537112173849588]","[7.9628950639840435, 10.51765450347757]",Completed,21.568214038947076,,
d641,"[5.121482484303872, 2.5688320379358665]","[8.084884296140904, 11.385833807452022]",Completed,21.558319269009196,,
d649,"[11.333104775363868, 12.530902627933783]","[5.210850950934063, 15.883341410896172]",Completed,21.840939013454374,,
d647,"[13.326833153656194, 5.675155104781247]","[13.357150363678091, 14.76200241624705]",Completed,21.782912321840207,,
d656,"[4.010897770074062, 17.205371269621537]","[4.059401344946569, 19.22289859386285]",Completed,22.16360490352777,,
d645,"[8.029900827536414, 4.726360024487768]","[18.5368196779828, 7.472370115236881]",Completed,21.664711510352593,,
d651,"[4.461055088423458, 7.150527801674372]","[12.439801535291519, 13.11814329529974]",Completed,21.882453539464358,,
d642,"[9.95498739894774, 18.805582304169572]","[14.59282630528522, 4.745457350881455]",Completed,21.561139399035618,,
d648,"[17.14605844371907, 12.071950431863261]","[5.752395572201929, 5.898859824350156]",Completed,21.801442730054994,,
d637,"[18.7625606018937, 5.86563395568493]","[7.637370041273299, 18.715430246676696]",Completed,21.391722022288306,,
d657,"[12.660854581649907, 7.306642271076742]","[17.950835674122892, 2.859835659733967]",Completed,22.17813520724814,,
d665,"[7.984488875245656, 1.931555042717512]","[6.298603235773368, 1.7704245790498652]",Completed,22.440749118415923,,
d655,"[4.28329316758232, 18.53009074566254]","[15.360399917312918, 15.257321654443638]",Completed,22.10175973346139,,
d671,"[18.173661545161536, 4.281294892152032]","[18.65834396343046, 4.598187665685607]",Completed,22.651539326048503,,
d646,"[3.0996556994900692, 17.11838279303531]","[12.555660337808952, 0.06522908880230327]",Completed,21.669005105900244,,
d661,"[0.7177044371604646, 19.715974768732906]","[5.604848875309929, 12.224736229092501]",Completed,22.330849523844215,,
d660,"[5.800811931954836, 7.8514556505653115]","[14.204958860692198, 11.416257490247046]",Completed,22.309234314012187,,
d663,"[10.760637658206605, 11.220318639641565]","[14.272403495549435, 4.798941465717393]",Completed,22.39744983685196,,
d654,"[3.16403806973101, 19.767201529093605]","[18.06360388825778, 14.12690359030063]",Completed,22.067028042843656,,
d658,"[15.989480443212411, 7.850217012773948]","[7.129667751619293, 11.658206786059061]",Completed,22.255761036729208,,
d653,"[14.538792008991788, 16.330533736336715]","[7.16919240432742, 1.5002881739204832]",Completed,21.985498325072864,,
d664,"[9.018660198511714, 6.456656734904005]","[17.620189152671802, 7.307262013944902]",Completed,22.40912284699702,,
d650,"[4.472382683752796, 13.343333190318347]","[18.05014243347413, 1.7036519131567673]",Completed,21.876255299286512,,
d668,"[15.78240511784774, 5.235213998391453]","[17.291197853097156, 13.9191048588624]",Completed,22.581811745628144,,
d667,"[7.3236703895963595, 5.422473513041648]","[8.529326145052528, 18.00813666674612]",Completed,22.461774507883142,,
d674,"[16.388091026140348, 13.323224968071717]","[12.694830677094249, 16.98715223837108]",Completed,22.703449914916163,,
d659,"[14.50701884413709, 13.821573325003623]","[6.160874698736709, 2.5804328006510535]",Completed,22.27398066990168,,
d669,"[6.589856758959551, 4.4928796853698705]","[5.325241326012509, 12.840413547873272]",Completed,22.620413079938096,,
d673,"[2.448633566663545, 7.985041707162015]","[8.43257711384896, 7.120131964240636]",Completed,22.699378238599873,,
d652,"[0.23692820330838416, 10.27492232955253]","[19.79660634533761, 1.501038755775732]",Completed,21.94163238429737,,
d662,"[4.435423908431913, 18.436036314771428]","[18.22343272514859, 12.463037748197035]",Completed,22.39553647216331,,
d672,"[8.641730629126748, 15.040231155715906]","[3.9471804949472955, 3.14470500292912]",Completed,22.687296698040267,,
d681,"[17.110415979271576, 7.695173611934054]","[15.220560455048563, 10.381170555296217]",Completed,23.117286015356463,,
d677,"[8.465398155577814, 15.229659094477825]","[6.797080567012788, 6.633768437895792]",Completed,22.78530368125814,,
d680,"[16.52534736396329, 13.80487168465255]","[15.822766475325276, 19.82685698230618]",Completed,23.097826368497444,,
d666,"[1.0811445902304073, 9.915194822632111]","[16.80926461974017, 14.617332970480838]",Completed,22.456315783265005,,
d670,"[1.1057392087327633, 10.083750763784627]","[15.952383856940033, 10.298075358720734]",Completed,22.638066039803075,,
d682,"[0.7485770647496892, 17.11744711507128]","[4.693001102787171, 12.751574156678062]",Completed,23.178785972700712,,
d676,"[7.66881810113026, 6.761544673755213]","[19.51917611463428, 16.47443760669092]",Completed,22.75256665824174,,
d678,"[19.78658330205519, 17.770832095325193]","[7.336904407238565, 10.886796395800435]",Completed,22.92387507324836,,
d675,"[19.644612337978536, 6.83860038182808]","[6.288694264790142, 2.6593029961759784]",Completed,22.741855557773604,,
d689,"[8.389231928308574, 17.832303494658035]","[6.331916052089078, 15.155820470554811]",Completed,23.503373622051228,,
d679,"[17.242993018218744, 11.575662402285856]","[3.4713802471829314, 13.802241642885189]",Completed,23.020667518505178,,
d690,"[13.817912566523836, 6.866977827066345]","[8.404561210599672, 4.771347738137575]",Completed,23.513921057397415,,
d687,"[16.855248178157318, 7.723522431095436]","[12.9257335507885, 1.8656828026939487]",Completed,23.465469228891376,,
d694,"[16.27071858655802, 4.496867668095222]","[15.074603348165084, 3.180570535975049]",Completed,23.772608163149762,,
